,url,titulo,autor
0,https://www.todostuslibros.com/libros/independencia_978-84-9066-929-7,Independencia,Terra Alta 2
1,https://www.todostuslibros.com/libros/tomas-nevinson_978-84-204-5459-7,Tomás Nevinson,
2,https://www.todostuslibros.com/libros/el-infinito-en-un-junco_978-84-17860-79-0,El infinito en un junco,La invención de los libros en el mundo antiguo
3,https://www.todostuslibros.com/libros/el-huerto-de-emerson_978-84-9066-848-1,El huerto de Emerson,
4,https://www.todostuslibros.com/libros/delparaiso_978-84-670-6113-0,Delparaíso,
5,https://www.todostuslibros.com/libros/llevame-a-casa_978-84-322-3773-7,Llévame a casa,
6,https://www.todostuslibros.com/libros/el-duque-y-yo-bridgerton-1_978-84-16327-81-2,El duque y yo (Bridgerton 1),
7,https://www.todostuslibros.com/libros/klara-y-el-sol_978-84-339-8087-8,Klara y el sol,
8,https://www.todostuslibros.com/libros/los-privilegios-del-angel_978-84-233-5868-7,Los privilegios del ángel,
9,https://www.todostuslibros.com/libros/aquitania_978-84-08-23551-4,Aquitania,Premio Planeta 2020
10,https://www.todostuslibros.com/libros/adelgaza-con-kaoru_978-84-18524-00-4,Adelgaza con Kaoru,Ponte en forma y consigue una figura de ensueño con el revolucionario método de la pelota de tenis
11,https://www.todostuslibros.com/libros/hamnet_978-84-17977-58-0,Hamnet,
12,https://www.todostuslibros.com/libros/terra-alta_978-84-08-23796-9,Terra Alta,
13,https://www.todostuslibros.com/libros/una-herencia-peligrosa-amanda-black-1_978-84-17921-37-8,Una herencia peligrosa (Amanda Black 1),
14,https://www.todostuslibros.com/libros/1794_978-84-18107-59-7,1794,
15,https://www.todostuslibros.com/libros/un-amor_978-84-339-9903-0,Un amor,
16,https://www.todostuslibros.com/libros/el-principito_978-84-9838-149-8,El Principito,
17,https://www.todostuslibros.com/libros/rey-blanco_978-84-666-6854-5,Rey blanco,
18,https://www.todostuslibros.com/libros/reina-roja_978-84-666-6441-7,Reina roja,
19,https://www.todostuslibros.com/libros/el-lunes-nos-querran_978-84-233-5877-9,El lunes nos querrán,Premio Nadal de Novela 2021
20,https://www.todostuslibros.com/libros/linea-de-fuego_978-84-204-5466-5,Línea de fuego,
21,https://www.todostuslibros.com/libros/la-red-de-proteccion-comisario-montalbano-30_978-84-18107-57-3,La red de protección (Comisario Montalbano 30),
22,https://www.todostuslibros.com/libros/miss-marte_978-84-204-5432-0,Miss Marte,
23,https://www.todostuslibros.com/libros/el-vizconde-que-me-amo-bridgerton-2_978-84-16327-82-9,El vizconde que me amó (Bridgerton 2),
24,https://www.todostuslibros.com/libros/biografia-de-la-luz_978-84-18526-13-8,Biografía de la luz,Una lectura mística del evangelio
25,https://www.todostuslibros.com/libros/yoga_978-84-339-8084-7,Yoga,
26,https://www.todostuslibros.com/libros/conodramas_978-84-08-23345-9,Coñodramas,
27,https://www.todostuslibros.com/libros/voces-que-cuentan-novela-grafica_978-84-1341-512-3,Voces que cuentan (novela gráfica),Una antología
28,https://www.todostuslibros.com/libros/seis-cuatro_978-84-18107-25-2,Seis Cuatro,
29,https://www.todostuslibros.com/libros/dime-que-comes-y-te-dire-que-bacterias-tienes_978-84-17752-92-7,Dime qué comes y te diré qué bacterias tienes,"El intestino, nuestro segundo cerebro"
30,https://www.todostuslibros.com/libros/loba-negra_978-84-666-6649-7,Loba negra,
31,https://www.todostuslibros.com/libros/un-oceano-para-llegar-a-ti_978-84-08-23552-1,Un océano para llegar a ti,Finalista Premio Planeta 2020
32,https://www.todostuslibros.com/libros/todo-lo-que-necesito-existe-ya-en-mi_978-84-322-3772-0,todo lo que necesito existe ya en mí,
33,https://www.todostuslibros.com/libros/la-hora-de-las-gaviotas_978-84-01-02565-5,La hora de las gaviotas,
34,https://www.todostuslibros.com/libros/la-reina-sola_978-84-08-22983-4,La reina sola,
35,https://www.todostuslibros.com/libros/la-vida-contada-por-un-sapiens-a-un-neandertal_978-84-204-3965-5,La vida contada por un sapiens a un neandertal,
36,https://www.todostuslibros.com/libros/es-la-microbiota-idiota_978-84-1344-068-2,"¡Es la microbiota, idiota!",Descubre cómo tu salud depende de los billones de microorganismos que habitan en tu cuerpo
37,https://www.todostuslibros.com/libros/emocionarte-la-doble-vida-de-los-cuadros_978-84-670-6029-4,Emocionarte. La doble vida de los cuadros,Premio Espasa 2020
38,https://www.todostuslibros.com/libros/arsene-lupin-caballero-ladron_978-84-17821-80-7,Arsène Lupin. Caballero ladrón,
39,https://www.todostuslibros.com/libros/sapiens-de-animales-a-dioses_978-84-9992-622-3,Sapiens. De animales a dioses,Breve historia de la humanidad
40,https://www.todostuslibros.com/libros/el-olvido-que-seremos_978-84-204-2640-2,El olvido que seremos,
41,https://www.todostuslibros.com/libros/la-mansion-tiempo-de-resurgir_978-84-01-02483-2,La mansión. Tiempo de resurgir,
42,https://www.todostuslibros.com/libros/la-cancion-de-aquiles-adn_978-84-1362-213-2,La canción de Aquiles (AdN),
43,https://www.todostuslibros.com/libros/el-hijo-del-padre_978-84-233-5916-5,El hijo del padre,
44,https://www.todostuslibros.com/libros/el-gran-error-de-la-republica_978-84-9199-276-9,El gran error de la República,Entre el ruido de sables y la ineficacia del Gobierno
45,https://www.todostuslibros.com/libros/canto-jo-i-la-muntanya-balla_978-84-339-1568-9,Canto jo i la muntanya balla,
46,https://www.todostuslibros.com/libros/gema_978-84-339-9915-3,Gema,
47,https://www.todostuslibros.com/libros/despues-de-lo-trans_978-84-17496-49-4,Después de lo trans,Sexo y género entre la izquierda y lo identitario
48,https://www.todostuslibros.com/libros/los-compas-y-el-diamantito-legendario-nueva-presentacion_978-84-270-4794-5,Los Compas y el diamantito legendario (nueva presentación),
49,https://www.todostuslibros.com/libros/un-cuento-perfecto_978-84-663-5481-3,Un cuento perfecto,
50,https://www.todostuslibros.com/libros/las-tinieblas-y-el-alba-la-precuela-de-los-pilares-de-la-tierra_978-84-01-02287-6,Las tinieblas y el alba (La precuela de Los pilares de la Tierra),
51,https://www.todostuslibros.com/libros/los-compas-y-la-maldicion-de-mikecrack_978-84-270-4749-5,Los Compas y la maldición de Mikecrack,
52,https://www.todostuslibros.com/libros/madrid_978-84-233-5819-9,Madrid,
53,https://www.todostuslibros.com/libros/el-hombre-en-busca-de-sentido_978-84-254-3202-6,El hombre en busca de sentido,
54,https://www.todostuslibros.com/libros/luz-de-febrero_978-84-17761-41-7,Luz de febrero,
55,https://www.todostuslibros.com/libros/no-te-arrepientas_978-84-1384-014-7,No te arrepientas,35 razones para estar orgulloso de la Historia de España
56,https://www.todostuslibros.com/libros/trigo-limpio_978-84-322-3791-1,Trigo limpio,
57,https://www.todostuslibros.com/libros/te-doy-mi-corazon-bridgerton-3_978-84-16327-84-3,Te doy mi corazón (Bridgerton 3),
58,https://www.todostuslibros.com/libros/la-ciudad-de-vapor_978-84-08-23500-2,La Ciudad de Vapor,
59,https://www.todostuslibros.com/libros/una-rosa-sola_978-84-322-3786-7,Una rosa sola,
60,https://www.todostuslibros.com/libros/la-buena-suerte_978-84-204-3945-7,La buena suerte,
61,https://www.todostuslibros.com/libros/panza-de-burro_978-84-121353-3-6,Panza de burro,
62,https://www.todostuslibros.com/libros/pasiones-carnales_978-84-670-6028-7,Pasiones carnales,Los amores de los reyes que cambiaron la Historia de España
63,https://www.todostuslibros.com/libros/isadora-moon-y-el-hada-de-los-dientes-isadora-moon-10_978-84-204-5371-2,Isadora Moon y el hada de los dientes (Isadora Moon 10),
64,https://www.todostuslibros.com/libros/humano-mas-humano_978-84-18370-31-1,"Humano, más humano",Una antropología de la herida infinita
65,https://www.todostuslibros.com/libros/la-leyenda-de-la-peregrina_978-84-670-6027-0,La leyenda de la Peregrina,
66,https://www.todostuslibros.com/libros/hazlo-tu-mismo-con-maestros-de-la-costura_978-84-670-6090-4,Hazlo tú mismo con Maestros de la costura,Con los patrones desplegables del programa
67,https://www.todostuslibros.com/libros/el-poder-del-ahora_978-84-8445-206-5,El poder del ahora,Una guía para la iluminación espiritual
68,https://www.todostuslibros.com/libros/50-palos_978-84-08-19376-0,50 palos,... y sigo soñando
69,https://www.todostuslibros.com/libros/corona-de-medianoche_978-84-18359-29-3,Corona de medianoche,
70,https://www.todostuslibros.com/libros/anna-kadabra-1-el-club-de-la-luna-llena_978-84-08-22323-8,Anna Kadabra 1. El Club de la Luna Llena,
71,https://www.todostuslibros.com/libros/matadero-cinco_978-84-18187-74-2,Matadero cinco,La cruzada de los niños
72,https://www.todostuslibros.com/libros/arsene-lupin-caballero-ladron_978-84-18538-50-6,"Arsène Lupin, caballero ladrón",Nueva edición con motivo de la exitosa serie de Netflix
73,https://www.todostuslibros.com/libros/el-chisme_978-84-670-6107-9,El chisme,
74,https://www.todostuslibros.com/libros/el-club-del-crimen-de-los-jueves_978-84-670-6022-5,El Club del Crimen de los Jueves,
75,https://www.todostuslibros.com/libros/lola-vendetta-una-habitacion-propia-con-wifi_978-84-264-0765-8,Lola Vendetta. Una habitación propia con wifi,
76,https://www.todostuslibros.com/libros/los-compas-y-la-camara-del-tiempo_978-84-270-4737-2,Los Compas y la cámara del tiempo,
77,https://www.todostuslibros.com/libros/el-evangelio-segun-maria-magdalena_978-84-666-6889-7,El evangelio según María Magdalena,
78,https://www.todostuslibros.com/libros/feria_978-84-122267-2-0,Feria,
79,https://www.todostuslibros.com/libros/el-paciente_978-84-666-6855-2,El paciente,
80,https://www.todostuslibros.com/libros/el-gran-libro-de-lucia-mi-pediatra_978-84-08-22678-9,"El gran libro de Lucía, mi pediatra",La guía más completa y actualizada sobre la salud de tu hijo desde el nacimiento a la adolescencia
81,https://www.todostuslibros.com/libros/el-baile-de-las-locas_978-84-18107-64-1,El baile de las locas,
82,https://www.todostuslibros.com/libros/notas-para-unas-memorias-que-nunca-escribire_978-84-264-0739-9,Notas para unas memorias que nunca escribiré,
83,https://www.todostuslibros.com/libros/el-dominio-mental_978-84-344-3309-0,El dominio mental,La geopolítica de la mente
84,https://www.todostuslibros.com/libros/anna-kadabra-5-la-isla-de-las-mascotas_978-84-08-23799-0,Anna Kadabra 5. La Isla de las Mascotas,
85,https://www.todostuslibros.com/libros/1984-edicion-definitiva-the-orwell-foundation_978-84-9989-094-4,1984 (Edición definitiva. The Orwell Foundation),
86,https://www.todostuslibros.com/libros/a-traves-de-los-ojos_978-84-03-52137-7,A través de los ojos,
87,https://www.todostuslibros.com/libros/manifiesto-por-la-lectura_978-84-18436-36-9,Manifiesto por la lectura,
88,https://www.todostuslibros.com/libros/perro-apestoso_978-84-17552-44-2,Perro Apestoso,
89,https://www.todostuslibros.com/libros/homo-deus-edicion-limitada-a-precio-especial_978-84-663-4224-7,Homo Deus (edición limitada a precio especial),Breve historia del mañana
90,https://www.todostuslibros.com/libros/ella-y-su-gato_978-84-18128-55-4,Ella y su gato,
91,https://www.todostuslibros.com/libros/las-guerreras-maxwell-6-un-corazon-entre-tu-y-yo_978-84-08-23716-7,"Las Guerreras Maxwell, 6. Un corazón entre tú y yo",
92,https://www.todostuslibros.com/libros/the-promised-neverland-17_978-84-679-4361-0,The Promised Neverland 17,
93,https://www.todostuslibros.com/libros/el-bosque-de-los-cuatro-vientos_978-84-233-5754-3,El bosque de los cuatro vientos,
94,https://www.todostuslibros.com/libros/volver-la-vista-atras_978-84-204-5560-0,Volver la vista atrás,
95,https://www.todostuslibros.com/libros/felipe-vi-un-rey-en-la-adversidad_978-84-08-24133-1,Felipe VI. Un rey en la adversidad,
96,https://www.todostuslibros.com/libros/la-amiga-estupenda-dos-amigas-1_978-84-663-4435-7,La amiga estupenda (Dos amigas 1),
97,https://www.todostuslibros.com/libros/la-camada-de-los-salvajes_978-84-1318-986-4,La camada de los salvajes,
98,https://www.todostuslibros.com/libros/todo-lo-que-nunca-fuimos_978-84-08-23811-9,Todo lo que nunca fuimos,
99,https://www.todostuslibros.com/libros/la-buena-cocina_978-84-08-23455-5,La buena cocina,900 recetas que siempre salen bien
